Workbook

Sheet 工作表1
A1: 年月 | B1: 營銷處 | C1: TW CODE | D1: 經銷商 | E1: 產品 | F1: 產品別 | G1: 型號 | H1: 期初庫存 | I1: 業務員 | J1: 公式 | K1: 部門 | L1: TW CODE
A2: 202602 | B2: 台北營銷處 | C2: TW219182A1 | D2: 雅光有限公司 | E2: DEH | F2: Deh | G2: DD121QWE0 | H2: 10 | I2: 簡國書 | J2: TW002351台北營銷處 | K2: CE | L2: =_xlfn.XLOOKUP(D2,[1]工作表1!$D:$D,[1]工作表1!$C:$C,"XXX") -> TW219182A1
A3: 202602 | B3: 台北營銷處 | C3: TW219182A1 | D3: 雅光有限公司 | E3: DEH | F3: Deh | G3: DD181MWE0 | H3: 6 | I3: 簡國書 | J3: TW002351台北營銷處 | K3: CE | L3: =_xlfn.XLOOKUP(D3,[1]工作表1!$D:$D,[1]工作表1!$C:$C,"XXX") -> TW219182A1
A4: 202602 | B4: 台北營銷處 | C4: TW219182A1 | D4: 雅光有限公司 | E4: DEH | F4: Deh | G4: DD201MEE0 | H4: 5 | I4: 簡國書 | J4: TW002351台北營銷處 | K4: CE | L4: =_xlfn.XLOOKUP(D4,[1]工作表1!$D:$D,[1]工作表1!$C:$C,"XXX") -> TW219182A1
A5: 202602 | B5: 台北營銷處 | C5: TW219182A1 | D5: 雅光有限公司 | E5: DEH | F5: Deh | G5: DE221MWE0 | H5: 5 | I5: 簡國書 | J5: TW002351台北營銷處 | K5: CE | L5: =_xlfn.XLOOKUP(D5,[1]工作表1!$D:$D,[1]工作表1!$C:$C,"XXX") -> TW219182A1
A6: 202602 | B6: 台北營銷處 | C6: TW219182A1 | D6: 雅光有限公司 | E6: DEH | F6: Deh | G6: WD261VKF0 | H6: 1 | I6: 簡國書 | J6: TW002351台北營銷處 | K6: CE | L6: =_xlfn.XLOOKUP(D6,[1]工作表1!$D:$D,[1]工作表1!$C:$C,"XXX") -> TW219182A1
A7: 202602 | B7: 台北營銷處 | C7: TW219182A1 | D7: 雅光有限公司 | E7: Puri | F7: Puri | G7: AS101DBY0 | H7: 1 | I7: 簡國書 | J7: TW002351台北營銷處 | K7: CE | L7: =_xlfn.XLOOKUP(D7,[1]工作表1!$D:$D,[1]工作表1!$C:$C,"XXX") -> TW219182A1
A8: 202602 | B8: 台北營銷處 | C8: TW219182A1 | D8: 雅光有限公司 | E8: Puri | F8: Puri | G8: AS111NGY0 | H8: 2 | I8: 簡國書 | J8: TW002351台北營銷處 | K8: CE | L8: =_xlfn.XLOOKUP(D8,[1]工作表1!$D:$D,[1]工作表1!$C:$C,"XXX") -> TW219182A1
A9: 202602 | B9: 台北營銷處 | C9: TW219182A1 | D9: 雅光有限公司 | E9: Puri | F9: AeroFurniture | G9: AS201PWU0 | H9: 3 | I9: 簡國書 | J9: TW002351台北營銷處 | K9: CE | L9: =_xlfn.XLOOKUP(D9,[1]工作表1!$D:$D,[1]工作表1!$C:$C,"XXX") -> TW219182A1
A10: 202602 | B10: 台北營銷處 | C10: TW219182A1 | D10: 雅光有限公司 | E10: Puri | F10: AeroFurniture | G10: AS201PYU0 | H10: 1 | I10: 簡國書 | J10: TW002351台北營銷處 | K10: CE | L10: =_xlfn.XLOOKUP(D10,[1]工作表1!$D:$D,[1]工作表1!$C:$C,"XXX") -> TW219182A1
A11: 202602 | B11: 台北營銷處 | C11: TW219182A1 | D11: 雅光有限公司 | E11: Puri | F11: Puri | G11: AS551GWX0 | H11: 1 | I11: 簡國書 | J11: TW002351台北營銷處 | K11: CE | L11: =_xlfn.XLOOKUP(D11,[1]工作表1!$D:$D,[1]工作表1!$C:$C,"XXX") -> TW219182A1
A12: 202602 | B12: 台北營銷處 | C12: TW219182A1 | D12: 雅光有限公司 | E12: Puri | F12: Aero Tower | G12: FS151PSF0 | H12: 1 | I12: 簡國書 | J12: TW002351台北營銷處 | K12: CE | L12: =_xlfn.XLOOKUP(D12,[1]工作表1!$D:$D,[1]工作表1!$C:$C,"XXX") -> TW219182A1
A13: 202602 | B13: 台北營銷處 | C13: TW219182A1 | D13: 雅光有限公司 | E13: AC | F13: 一對多 | G13: LM2U70 | H13: 1 | I13: 簡國書 | J13: TW002351台北營銷處 | K13: CE | L13: =_xlfn.XLOOKUP(D13,[1]工作表1!$D:$D,[1]工作表1!$C:$C,"XXX") -> TW219182A1
... A18049: 202602 | B18049: ONLINE | C18049: XXX | D18049: 地標網通股份有限公司 | E18049: Puri | F18049: Puri | G18049: AS651DSS0 | H18049: 50 | I18049: 林宜慧 | J18049: TW007655ONLINE | K18049: CE | L18049: =_xlfn.XLOOKUP(D18049,[1]工作表1!$D:$D,[1]工作表1!$C:$C,"XXX") -> XXX
